Workbook

Sheet Dashboard
A1: ISTRAC-FMS · V1 Backend Master Tracker
A2: Primary execution source: Backend V1 Complete DOCX; Architecture v2.1 supplies supplemental requirements where V1 is silent. No deadline is assumed.
A4: KPI | B4: Value | D4: Current Phase 1 tracker | E4: Value | G4: Tracker notes | H4: Value
A5: Backend V1 tasks (actual rows) | B5: =COUNTA('Backend V1'!$A$2:$A$81) -> 80 | D5: Existing tasks | E5: 45 | G5: Architecture additions | H5: 20
A6: Backend V1 story points (actual rows) | B6: =SUM('Backend V1'!$H$2:$H$81) -> 185 | D6: Existing tasks done | E6: 35 | G6: Scope/decision items | H6: 7
A7: Backend tasks Done | B7: =COUNTIF('Backend V1'!$K$2:$K$81,"Done") -> 1 | D7: Existing SP | E7: 136 | G7: Source V1 header says | H7: 72 tasks / 168 SP
A8: Backend SP Done | B8: =SUMIF('Backend V1'!$K$2:$K$81,"Done",'Backend V1'!$H$2:$H$81) -> 1 | D8: Existing SP completed | E8: 107 | G8: Section tables sum to | H8: 80 tasks / 197 SP
A9: Backend completion % | B9: =IFERROR(B8/B6,0) -> 0.0054054054 | D9: Existing task completion % | E9: =E6/E5 -> 0.77777778 | G9: Operational baseline | H9: 80 tasks / 185 task-row SP
D10: Existing SP completion % | E10: =E8/E7 -> 0.78676471
A12: Backend status | B12: Tasks | D12: Backend section | E12: SP | G12: Control check | H12: Value
A13: Done | B13: =COUNTIF('Backend V1'!$K$2:$K$81,"Done") -> 1 | D13: 0 · Infrastructure & Project Setup | E13: =SUMIF('Backend V1'!$B$2:$B$81,D13,'Backend V1'!$H$2:$H$81) -> 18 | G13: V1 header task count | H13: 72
A14: Partially Done | B14: =COUNTIF('Backend V1'!$K$2:$K$81,"Partially Done") -> 2 | D14: 1 · Authentication & Sessions | E14: =SUMIF('Backend V1'!$B$2:$B$81,D14,'Backend V1'!$H$2:$H$81) -> 19 | G14: V1 header story points | H14: 168
A15: In Progress | B15: =COUNTIF('Backend V1'!$K$2:$K$81,"In Progress") -> 0 | D15: 2 · User Management | E15: =SUMIF('Backend V1'!$B$2:$B$81,D15,'Backend V1'!$H$2:$H$81) -> 13 | G15: Task-row task count | H15: =B5 -> 80
A16: Needs Rework | B16: =COUNTIF('Backend V1'!$K$2:$K$81,"Needs Rework") -> 2 | D16: 3 · Department Management | E16: =SUMIF('Backend V1'!$B$2:$B$81,D16,'Backend V1'!$H$2:$H$81) -> 12 | G16: Task-row story points | H16: =B6 -> 185
A17: Todo | B17: =COUNTIF('Backend V1'!$K$2:$K$81,"Todo") -> 75 | D17: 4 · File Management | E17: =SUMIF('Backend V1'!$B$2:$B$81,D17,'Backend V1'!$H$2:$H$81) -> 33 | G17: Task count difference vs header | H17: =H15-H13 -> 8
A18: Scope Review | B18: =COUNTIF('Backend V1'!$K$2:$K$81,"Scope Review") -> 0 | D18: 5 · Browse & Search | E18: =SUMIF('Backend V1'!$B$2:$B$81,D18,'Backend V1'!$H$2:$H$81) -> 9 | G18: SP difference vs header | H18: =H16-H14 -> 17
D19: 6 · Notifications | E19: =SUMIF('Backend V1'!$B$2:$B$81,D19,'Backend V1'!$H$2:$H$81) -> 10
D20: 7 · CMS | E20: =SUMIF('Backend V1'!$B$2:$B$81,D20,'Backend V1'!$H$2:$H$81) -> 5
A21: How to use: update Status, Notes, Owner/Week as work progresses. The latest uploaded Phase 1 tracker (by Ayan) is preserved in Existing Phase1 and is the baseline used for current evidence mapping. | E21: Current Phase 1: 45 tasks / 136 SP / 35 done / 107 SP completed. | G21: Backend V1 remains the main execution tracker; Architecture Additions captures requirements not fully represented in the V1 task list.
D22: 9 · Health & Monitoring | E22: =SUMIF('Backend V1'!$B$2:$B$81,D22,'Backend V1'!$H$2:$H$81) -> 4
D23: 10 · WebSocket Server | E23: =SUMIF('Backend V1'!$B$2:$B$81,D23,'Backend V1'!$H$2:$H$81) -> 10
D24: 11 · Middleware (Cross-cutting) | E24: =SUMIF('Backend V1'!$B$2:$B$81,D24,'Backend V1'!$H$2:$H$81) -> 15
D25: 12 · Core Services (Business Logic) | E25: =SUMIF('Backend V1'!$B$2:$B$81,D25,'Backend V1'!$H$2:$H$81) -> 26
A27: Status legend: Done = verified by current tracker evidence; Partially Done = evidence exists but V1 acceptance is not fully demonstrated; Needs Rework = current work conflicts with V1; Scope Review = architecture requirement may conflict with or extend V1 scope; Todo = not evidenced yet.

Sheet Backend V1
A1: ID | B1: Section | C1: Method / Task | D1: Description | E1: Acceptance Criteria | F1: Role | G1: Priority | H1: SP | I1: Owner | J1: Spec Week | K1: Tracker Status | L1: Current Evidence / Notes | M1: Column1
A2: IN-001 | B2: 0 · Infrastructure & Project Setup | C2: INFRA Project scaffold | D2: Create src/api/, src/services/, src/repositories/, src/middleware/ Clean Architecture folders. TypeScript strict mode. ESLint + Prettier pre-commit hooks. | E2: tsc --noEmit passes with zero errors. eslint . passes with zero warnings. | F2: BOTH | G2: P1 | H2: 2 | I2: FS | J2: Wk 1 | K2: Todo
A3: IN-002 | B3: 0 · Infrastructure & Project Setup | C3: INFRA MySQL schema — all 9 tables | D3: Create migration files for: users, departments, user_dept_access, hdd_nodes, file_versions, audit_logs, cms_blocks, notifications, system_config. | E3: All FKs, indexes, and ENUMs correct. migration up and down both succeed without errors. | F3: BOTH | G3: P1 | H3: 4 | I3: FS | J3: Wk 1 | K3: Needs Rework | L3: DB-001/DB-002 are Done in the latest tracker, but they are PostgreSQL-oriented; V1 requires MySQL 8.0 and the exact 9-table migration set.
A4: IN-003 | B4: 0 · Infrastructure & Project Setup | C4: INFRA MySQL connection pool + query builder | D4: Configure mysql2 connection pool. Create typed query wrapper. Set up db-migrate for schema versioning. | E4: Pool connects to MySQL on startup. Health check reports db: ok. migrate up runs all pending migrations. | F4: BOTH | G4: P1 | H4: 2 | I4: FS | J4: Wk 1 | K4: Needs Rework | L4: DB-002 is Done in the latest tracker, but V1 requires mysql2 pool + typed query wrapper + db-migrate; current tracker specifies Prisma/Knex.
A5: IN-004 | B5: 0 · Infrastructure & Project Setup | C5: INFRA Redis connection (blacklist + pub-sub) | D5: Redis client for token blacklist (SET with TTL) and pub-sub channels (cms.update, notification.broadcast, hdd.sync). | E5: Health check reports redis: ok. SET/GET/DEL work. Publish on channel received by subscriber in same process. | F5: BOTH | G5: P1 | H5: 2 | I5: FS | J5: Wk 1 | K5: Partially Done | L5: DB-005 is Done: Redis setup + pub/sub. V1 acceptance also requires token-blacklist SET/GET/DEL behavior and the specified channels, which are not explicitly demonstrated in the tracker.
A6: IN-005 | B6: 0 · Infrastructure & Project Setup | C6: INFRA Environment config (.env + validation) | D6: .env.example documents every key: DB_URL, REDIS_URL, JWT_SECRET, REFRESH_SECRET, SMTP_*, HDD_MOUNT_ROOT, UPLOAD_MAX_BYTES. | E6: App fails fast with a clear error if any required key is missing. No secrets hardcoded anywhere in source. | F6: BOTH | G6: P1 | H6: 1 | I6: FS | J6: Wk 1 | K6: Done | L6: DB-004 is Done: environment/secrets configuration and fail-fast .env schema work.
A7: IN-006 | B7: 0 · Infrastructure & Project Setup | C7: INFRA Structured logging (pino) + global error handler | D7: JSON-structured logs with fields: timestamp, level, requestId, userId, method, path, statusCode, durationMs, error. Global Express error handler catches all unhandled errors. | E7: Logs are valid JSON. Unhandled errors return { error: { code, message } } and never expose stack traces in production. | F7: BOTH | G7: P1 | H7: 2 | I7: FS | J7: Wk 1 | K7: Todo | L7: DB-008 is still Todo in the latest tracker; no completed evidence for the V1 pino structured fields + global error handler acceptance criteria.
A8: IN-007 | B8: 0 · Infrastructure & Project Setup | C8: INFRA OpenAPI 3.0 spec + Swagger UI at /api/docs | D8: swagger-jsdoc or manual spec covering all 45 endpoints. Swagger UI served at /api/docs (intranet only). | E8: /api/docs loads without 404. All endpoints present with request/response schemas. | F8: BOTH | G8: P2 | H8: 3 | I8: FS | J8: Wk 2 | K8: Partially Done | L8: DB-007 is Done: API mock/contract layer. V1 acceptance requires Swagger UI at /api/docs covering all 45 endpoints with request/response schemas; not fully demonstrated.
A9: IN-008 | B9: 0 · Infrastructure & Project Setup | C9: INFRA HDD mount root validation on startup | D9: On app start, verify MOUNT_ROOT (/mnt/istrac-data) exists and is writable. If not, log FATAL and exit. | E9: App exits with code 1 and clear message if HDD not mounted. /health endpoint reports hdd: unavailable if mount disappears at runtime. | F9: BOTH | G9: P1 | H9: 2 | I9: FS | J9: Wk 1 | K9: Todo
A10: AU-001 | B10: 1 · Authentication & Sessions | C10: POST /auth/register | D10: New user submits form. Account created with status=PENDING. Admin notified. | E10: 201 + { userId }. Duplicate email or employee_id → 409. Admin receives in-app notification + email via EmailService. | F10: PUBLIC | G10: P1 | H10: 3 | I10: BE | J10: Wk 2 | K10: Todo
A11: AU-002 | B11: 1 · Authentication & Sessions | C11: POST /auth/login | D11: Validate email + bcrypt password (cost 12). Issue JWT access (15 min) in response body + httpOnly refresh cookie (7 day). | E11: Wrong creds → 401 with attempts_remaining. 5 failures → 15-min lockout stored in Redis. temp_pass=true → 200 with force_change flag. | F11: PUBLIC | G11: P1 | H11: 3 | I11: BE | J11: Wk 2 | K11: Todo
A12: AU-003 | B12: 1 · Authentication & Sessions | C12: POST /auth/refresh | D12: Validate refresh token from httpOnly cookie. Issue new access token. Rotate refresh token (old immediately blacklisted in Redis). | E12: Expired/blacklisted token → 401. New access + refresh tokens issued. Old refresh token added to Redis blacklist with TTL. | F12: BOTH | G12: P1 | H12: 2 | I12: BE | J12: Wk 2 | K12: Todo
A13: AU-004 | B13: 1 · Authentication & Sessions | C13: POST /auth/logout | D13: Add current refresh token to Redis blacklist. Clear httpOnly cookie. | E13: Token blacklisted. Cookie cleared (Max-Age=0). Subsequent refresh with same token → 401. | F13: BOTH | G13: P1 | H13: 1 | I13: BE | J13: Wk 2 | K13: Todo
A14: AU-005 | B14: 1 · Authentication & Sessions | C14: POST /auth/change-password | D14: Authenticated user changes own password. Validates old password + policy (10 chars, upper/lower/digit/special). Invalidates ALL sessions. | E14: bcrypt verify old password. Policy enforced. Last 5 hashes checked (no reuse). All refresh tokens for this user blacklisted. Audit logged. | F14: BOTH | G14: P1 | H14: 3 | I14: BE | J14: Wk 2 | K14: Todo
A15: AU-006 | B15: 1 · Authentication & Sessions | C15: POST /auth/forgot-password | D15: Accept email. If account exists, send 6-digit OTP via SMTP. Always return 200 (no enumeration). | E15: OTP stored as bcrypt hash in Redis with 15-min TTL. Max 3 OTP requests/hour per email (Redis counter). Email sent via EmailService. | F15: PUBLIC | G15: P1 | H15: 2 | I15: BE | J15: Wk 2 | K15: Todo
A16: AU-007 | B16: 1 · Authentication & Sessions | C16: POST /auth/reset-password | D16: Validate OTP from Redis + set new password. Invalidate all sessions. | E16: Wrong/expired OTP → 400. Valid OTP is single-use (deleted from Redis on use). All sessions blacklisted. Audit logged. | F16: PUBLIC | G16: P1 | H16: 2 | I16: BE | J16: Wk 2 | K16: Todo
A17: AU-008 | B17: 1 · Authentication & Sessions | C17: GET /auth/me | D17: Return current user profile (id, name, email, role, status, depts). | E17: 401 if token missing/invalid. Response includes list of assigned department IDs. Password never returned. | F17: BOTH | G17: P1 | H17: 1 | I17: BE | J17: Wk 2 | K17: Todo
A18: AU-009 | B18: 1 · Authentication & Sessions | C18: PATCH /auth/me | D18: Update own name or notification_opt_in preference. | E18: Cannot change role, status, email, or employee_id via this endpoint. Returns updated profile. Audit logged. | F18: BOTH | G18: P2 | H18: 2 | I18: BE | J18: Wk 3 | K18: Todo
A19: UM-001 | B19: 2 · User Management | C19: GET /admin/users | D19: Paginated list of all users with role, status, assigned departments. | E19: Supports ?status=PENDING|ACTIVE|SUSPENDED&search=name_or_email&page=&limit=20. Cursor-based pagination envelope. 403 if non-admin. | F19: ADMIN | G19: P1 | H19: 2 | I19: BE | J19: Wk 3 | K19: Todo
A20: UM-002 | B20: 2 · User Management | C20: GET /admin/users/pending | D20: List all PENDING users awaiting approval. Used by Approval Queue. | E20: Returns pending users ordered by createdAt ascending (oldest first). Includes name, email, employee_id, dept_preference, reason_for_access. | F20: ADMIN | G20: P1 | H20: 1 | I20: BE | J20: Wk 3 | K20: Todo
... A81: SV-008 | B81: 12 · Core Services (Business Logic) | C81: SVC HddHealthService | D81: Background probe every 60s. Admin email + system banner on failure. | E81: Writes and reads a .probe file at MOUNT_ROOT. On failure: send admin email once (not every 60s). Set system-wide hdd_degraded flag in Redis. On recovery: send recovery email. Clear flag. | F81: BOTH | G81: P1 | H81: 2 | I81: FS | J81: Wk 3 | K81: Todo

Sheet Architecture Additions
A1: ID | B1: Area | C1: Supplemental Task | D1: Requirement / Work | E1: Acceptance Criteria | F1: Priority | G1: Source | H1: Status | I1: Why It Was Added
A2: ARCH-V1-001 | B2: Security | C2: Nginx security headers | D2: Configure HSTS, X-Frame-Options, X-Content-Type-Options, Referrer-Policy and CSP on all responses; hide server fingerprinting headers. | E2: Headers verified in staging with an automated smoke/security check; HTTPS redirect works. | F2: P1 | G2: Architecture Ch. 7.2.1 / 11.3 | H2: Todo | I2: Missing from V1 task list
A3: ARCH-V1-002 | B3: Security | C3: CSRF protection for refresh/logout | D3: SameSite=Strict refresh cookie plus X-CSRF-Token validation on cookie-dependent state-changing auth endpoints; rotate CSRF token on refresh. | E3: Cross-site request without valid CSRF header is rejected; token rotates after refresh. | F3: P1 | G3: Architecture Ch. 7.2.2 | H3: Todo | I3: Missing from V1 task list
A4: ARCH-V1-003 | B4: Security | C4: Restrictive CORS policy | D4: Set CORS origin from APP_ORIGIN; never wildcard. Explicitly allow GET/POST/PUT/DELETE/PATCH and Authorization, Content-Type, X-CSRF-Token headers. | E4: Preflight and API tests pass for allowed origin and fail for disallowed origin. | F4: P1 | G4: Architecture Ch. 7.2.3 | H4: Todo | I4: Missing from V1 task list
A5: ARCH-V1-004 | B5: Authentication | C5: TOTP MFA for Super Admin | D5: Implement RFC 6238 TOTP MFA for the bootstrapped/admin account and add mfa_secret handling without exposing the secret. | E5: Admin cannot complete authentication without valid MFA once enabled; backup/recovery behavior documented. | F5: P1 | G5: Architecture Ch. 5.7; REQ-AUTH-05 | H5: Scope Review | I5: Architecture requirement; validate against V1 2-role scope
A6: ARCH-V1-005 | B6: API | C6: Standard error envelope + requestId | D6: All errors use {error:{code,message,details},requestId}; stable codes documented in OpenAPI. | E6: All protected/public error paths return the standard envelope; requestId is traceable in logs. | F6: P1 | G6: Architecture Ch. 9.4; REQ-API-02 | H6: Todo | I6: V1 global error handler only partially covers this
A7: ARCH-V1-006 | B7: WebSocket | C7: Reconnect contract with exponential backoff | D7: Document/implement client contract: 1s,2s,4s,8s,16s then 60s; after reconnect re-fetch notification inbox. | E7: Reconnect sequence and missed-message recovery verified in E2E. | F7: P1 | G7: Architecture Ch. 12.4; REQ-WS-03 | H7: Todo | I7: Backend + frontend coordination required
A8: ARCH-V1-007 | B8: Testing | C8: Unit test coverage ≥80% | D8: Jest service/middleware tests with dependency injection and mocked I/O; minimum 80% line coverage for services + middleware. | E8: Coverage report ≥80%; unit suite under 30 seconds. | F8: P1 | G8: Architecture Ch. 14.3; REQ-TEST-01 | H8: Todo | I8: Missing from V1 task list
A9: ARCH-V1-008 | B9: Testing | C9: REST integration tests for every endpoint | D9: Jest + Supertest against a real MySQL test DB/schema; cover each V1 REST endpoint. | E9: Every V1 REST endpoint has at least one integration test; failures block CI. | F9: P1 | G9: Architecture Ch. 14.4; REQ-TEST-02 | H9: Todo | I9: Missing from V1 task list
A10: ARCH-V1-009 | B10: Testing | C10: Critical E2E backend journeys | D10: Automate critical flows: register→approve→login→upload→user access→download; suspend→session invalidation; CMS→WS update. | E10: Critical journey tests pass in a reproducible test environment. | F10: P1 | G10: Architecture Ch. 14.5; REQ-TEST-03 | H10: Todo | I10: Missing from V1 task list
A11: ARCH-V1-010 | B11: Testing | C11: CI pipeline gates | D11: CI runs lint, unit/integration tests and build; failing checks block merge; deploy to staging after approval/merge workflow. | E11: Protected branch cannot merge when required checks fail. | F11: P1 | G11: Architecture Ch. 14.7; REQ-TEST-04 | H11: Todo | I11: Existing DB-006 is only frontend/project-level CI and is Todo
A12: ARCH-V1-011 | B12: Observability | C12: PM2 log rotation + uptime monitoring | D12: Rotate logs at 100 MB with 30-day retention; catch unhandled exceptions/rejections; configure internal /api/v1/health uptime check with alerting. | E12: Logs rotate automatically; uptime monitor alerts after 3 consecutive failures. | F12: P1 | G12: Architecture Ch. 7.5; REQ-OBS-01/02 | H12: Todo | I12: Logging/health are only partial in existing tracker
... A21: ARCH-V1-020 | B21: File Sharing | C21: Intranet share links with expiry | D21: Generate expiring intranet share links scoped to files and authorized department access. | E21: Expired/invalid links fail; share access is audited. | F21: P3 | G21: Architecture Ch. 6.7; REQ-FILE-07 | H21: Deferred (V1.1) | I21: Architecture gap but not present in current V1 endpoint list

Sheet Existing Phase1
A1: ISTRAC-FMS · Phase 1 Task Tracker
A2: 45 Tasks · 136 Story Points · Weeks 1-4 · P1=Critical P2=High P3=Nice-to-have
A4: ID | B4: Category | C4: Task | D4: Acceptance Criteria | E4: Priority | F4: SP | G4: Week | H4: Status | I4: Notes
A5: FE-001 | B5: 1 · Design System & Project Setup | C5: Configure Tailwind CSS — custom color tokens, spacing scale, font scale | D5: tailwind.config.ts exports Navy/Orange/Slate tokens; build produces correct output. | E5: P1 | F5: 2 | G5: Week 1 | H5: Done
A6: FE-002 | B6: 1 · Design System & Project Setup | C6: Base component library: Button, Badge, Input, Modal, Card, Table, Avatar | D6: ≥2 variants each, renders without errors, exported from components/index.ts, demo page. | E6: P1 | F6: 5 | G6: Week 1 | H6: Done
A7: FE-003 | B7: 1 · Design System & Project Setup | C7: Font loading — Lato (thin/light/regular/bold) + DejaVu Sans Mono for code | D7: Fonts load via @font-face or CDN fallback; no FOUT on first paint. | E7: P2 | F7: 1 | G7: Week 1 | H7: Done
A8: FE-004 | B8: 1 · Design System & Project Setup | C8: React Router v6 config — public / protected (JWT) / admin (RBAC) routes | D8: Unauth user → /login. Non-admin → /dashboard. Nested layouts work. | E8: P1 | F8: 2 | G8: Week 1 | H8: Done
A9: FE-005 | B9: 1 · Design System & Project Setup | C9: React Query client + Zustand store (auth / UI / notification slices) | D9: useAuthStore().user populated post-login; devtools show correct keys; persist survives refresh. | E9: P1 | F9: 3 | G9: Week 1 | H9: Done
A10: FE-006 | B10: 1 · Design System & Project Setup | C10: Axios instance — JWT interceptor, silent refresh on 401, redirect on failure | D10: Refresh happens silently; expired refresh token redirects to /login. | E10: P1 | F10: 3 | G10: Week 1 | H10: Done
A11: FE-007 | B11: 2 · Landing Page (CMS-driven) | C11: Hero section — title, subtitle, CTA from AppContext.cmsBlocks | D11: CMS edit updates page without reload (WS push); CTA → /register. | E11: P2 | F11: 3 | G11: Week 1 | H11: Done
A12: FE-008 | B12: 2 · Landing Page (CMS-driven) | C12: Announcement bar — toggleable, text + background from CMS | D12: Admin toggles visibility/text; reflects within 2s via WS. | E12: P2 | F12: 2 | G12: Week 1 | H12: Done
A13: FE-009 | B13: 2 · Landing Page (CMS-driven) | C13: Feature strip — 3-item grid with icon, title, description, individually toggleable | D13: Each item hides independently; 3-col desktop / 1-col mobile. | E13: P2 | F13: 2 | G13: Week 2 | H13: Todo
A14: FE-010 | B14: 2 · Landing Page (CMS-driven) | C14: Gallery section — image cards (URL, label, caption), admin add/remove | D14: New card appears after WS push; empty gallery hides section. | E14: P3 | F14: 3 | G14: Week 2 | H14: Todo
A15: FE-011 | B15: 2 · Landing Page (CMS-driven) | C15: Banner section — title, subtitle, CTA text, visibility toggle | D15: Toggle hides section without reload; CTA hidden if text empty. | E15: P3 | F15: 2 | G15: Week 2 | H15: Todo
A16: FE-012 | B16: 3 · Authentication UI | C16: Login page — email/password, error states, loading spinner, forgot-password link | D16: Field-level errors; spinner on submit; success → /dashboard; lockout counter shown. | E16: P1 | F16: 3 | G16: Week 1 | H16: Done
... A49: DB-008 | B49: 8 · Database & Core Infrastructure Setup | C49: Logging & health monitoring — structured logs, /health endpoint, error alerting | D49: Logs are JSON-structured; /health returns DB + Redis status; alert fires on 5xx spike. | E49: P2 | F49: 3 | G49: Week 2 | H49: Todo
B51: Total Story Points: | F51: 136
B52: Tasks Done: | F52: 35
B53: Tasks Todo/In Progress/Blocked: | F53: 10
B54: SP Completed: | F54: 107

Sheet Scope & Decisions
A1: ID | B1: Issue / Decision | C1: Observed from Sources | D1: Tracker Treatment | E1: Severity | F1: Source
A2: SPEC-001 | B2: V1 task-count inconsistency | C2: V1 cover page says 72 tasks / 168 SP; the 13 section headings sum to 80 tasks / 197 SP; the individual task-row SP values sum to 185 SP. | D2: Use 80 task rows and 185 task-row SP as the operational tracker baseline; keep the 72/168 and 197 figures visible as source discrepancies until the V1 DOCX is corrected. | E2: High | F2: V1 DOCX section tables
A3: SPEC-002 | B3: Database technology mismatch | C3: Existing Phase 1 tracker has PostgreSQL schema/Prisma/Knex language, while V1 explicitly requires MySQL 8.0. | D3: Treat existing DB schema work as rework/porting, not completed V1 backend work. | E3: Critical | F3: Existing tracker + V1 DOCX
A4: SPEC-003 | B4: Role scope mismatch | C4: V1 backend explicitly limits V1 to ADMIN and USER; architecture defines five access levels and later custom roles. | D4: Do not block V1 on Dept Admin/Guest/Read-Only/custom-role implementation unless project owner changes scope. | E4: Critical | F4: V1 DOCX + Architecture Ch. 4/16
A5: SPEC-004 | B5: Redis strategy mismatch | C5: V1 task list explicitly requires Redis token blacklist + pub-sub; architecture Ch. 13.3 says Redis token blacklist is deferred. | D5: For this tracker, follow the V1 complete task list because it is the stated authoritative execution plan. | E5: High | F5: V1 DOCX + Architecture Ch. 13.3
A6: SPEC-005 | B6: Role Manager frontend scope | C6: Existing FE-030 proposes a 20-key role/permission manager derived from architecture custom roles, which is beyond the V1 ADMIN/USER backend scope. | D6: Keep FE-030 as V2/deferred or revise it to the V1 department-access model. | E6: High | F6: Existing tracker + Architecture Ch. 16
A7: SPEC-006 | B7: OpenAPI completion level | C7: Existing DB-007 is marked Done but says it only covers endpoints referenced by Phase 1 FE tasks; V1 acceptance requires all 45 endpoints. | D7: Keep IN-007 as Partially Done until all 45 V1 endpoints and schemas are present. | E7: Medium | F7: Existing tracker + V1 DOCX
A8: SPEC-007 | B8: No deadline supplied | C8: Neither source specifies a project deadline. | D8: Tracker intentionally has no due-date/deadline field; status, source week and owner are used instead. | E8: Info | F8: User instruction + source files
